,date,$p/l,%p/l,SPY $p/l,SPY %p/l,percent liquid,cash balance
0,2008-01-02 00:00:00,0.0,1.0,0.0,1.0,1.0,5000.0
1,2008-01-03 00:00:00,0.0,1.0,-0.0699920654296875,0.9995170629340591,1.0,5000.0
2,2008-01-04 00:00:00,-20.809489250183105,0.9958381021499634,-3.6199951171875,0.9750224570473436,0.9383402633929944,4672.174935340881
3,2008-01-07 00:00:00,-24.78161334991455,0.9950436773300171,-3.739990234375,0.9741945047720962,0.939089417235964,4672.174935340881
4,2008-01-08 00:00:00,-36.47214889526367,0.9927055702209473,-6.019989013671875,0.9584627798392358,0.9692914154856449,4811.104936599731
5,2008-01-09 00:00:00,-29.2279052734375,0.9941544189453125,-4.55999755859375,0.9685365501342791,0.9678788013040831,4811.104936599731
6,2008-01-10 00:00:00,-22.864713668823242,0.9954270572662354,-3.6399993896484375,0.9748844299068491,0.9666413830085314,4811.104936599731
7,2008-01-11 00:00:00,-25.605783462524414,0.9948788433074951,-4.779998779296875,0.9670185674404188,0.9671740371129242,4811.104936599731
8,2008-01-14 00:00:00,-24.137353897094727,0.9951725292205811,-3.649993896484375,0.9748154689785318,0.9668886138502614,4811.104936599731
9,2008-01-15 00:00:00,-31.283702850341797,0.9937432594299317,-6.7599945068359375,0.9533568284795368,0.9682792594456758,4811.104936599731
10,2008-01-16 00:00:00,-29.032115936279297,0.9941935768127441,-7.9499969482421875,0.9451459508038002,0.9678406798852012,4811.104936599731
11,2008-01-17 00:00:00,-41.58102798461914,0.9916837944030762,-11.5,0.9206513449170848,0.8828486190996833,4377.53334236145
12,2008-01-18 00:00:00,-44.07210922241211,0.9911855781555176,-12.8699951171875,0.911198538828477,0.8832923801227085,4377.53334236145
13,2008-01-22 00:00:00,-33.520463943481445,0.9932959072113037,-14.209991455078125,0.9019527208086812,0.784155719467402,3894.4933338165283
14,2008-01-23 00:00:00,12.701723098754883,1.002540344619751,-11.069992065429688,0.9236183493764879,0.8812998638372257,4417.69334602356
15,2008-01-24 00:00:00,4.015405654907227,1.0008030811309814,-9.939987182617188,0.9314152509146009,0.882829685342543,4417.69334602356
16,2008-01-25 00:00:00,-0.89044189453125,0.9998219116210938,-11.889999389648438,0.9179603947386707,0.8836960452008475,4417.69334602356
17,2008-01-28 00:00:00,6.915349960327148,1.0013830699920654,-9.689987182617188,0.933140221677273,0.8823183611559487,4417.69334602356
18,2008-01-29 00:00:00,11.446348190307617,1.0022892696380614,-9.019989013671875,0.9377631306871709,0.8815206307893211,4417.69334602356
19,2008-01-30 00:00:00,17.16373300552368,1.0034327466011048,-10.019989013671875,0.9308632476364826,0.8477616287828171,4253.358898162842
20,2008-01-31 00:00:00,14.26598834991455,1.0028531976699828,-7.55999755859375,0.9478369009822142,0.7982481214340529,4002.628405570984
21,2008-02-01 00:00:00,30.78507709503174,1.0061570154190063,-5.3499908447265625,0.9630856888491337,0.7459887205511417,3752.9089230298996
22,2008-02-04 00:00:00,30.21317481994629,1.0060426349639893,-7.1099853515625,0.9509419325821119,0.7460735345802184,3752.9089230298996
23,2008-02-05 00:00:00,10.711404800415039,1.002142280960083,-10.79998779296875,0.9254813472796546,0.7489772648719097,3752.9089230298996
24,2008-02-06 00:00:00,2.685000419616699,1.0005370000839233,-11.879989624023438,0.918029460950848,0.7501789384530732,3752.9089230298996
25,2008-02-07 00:00:00,7.378538489341736,1.0014757076978684,-11.0,0.9241012864424288,0.7494757774318579,3752.9089230298996
26,2008-02-08 00:00:00,2.9372881650924683,1.0005874576330185,-11.8599853515625,0.9181674880913426,0.6523435677219899,3263.6339596509933
27,2008-02-11 00:00:00,20.07247006893158,1.0040144940137863,-11.17999267578125,0.9228593580295578,0.6010478895537843,3017.3039635419846
28,2008-02-12 00:00:00,21.72261369228363,1.0043445227384566,-9.939987182617188,0.9314152509146009,0.6008503845503076,3017.3039635419846
29,2008-02-13 00:00:00,38.666903376579285,1.007733380675316,-8.55999755859375,0.940937017931526,0.5988298137985641,3017.3039635419846
30,2008-02-14 00:00:00,7.002920031547546,1.0014005840063096,-9.759994506835938,0.9326571793274719,0.5776233921207926,2892.162011027336
31,2008-02-15 00:00:00,-9.632375836372375,0.9980735248327255,-9.789993286132812,0.9324501912586601,0.5490260870078392,2739.8420094251633
32,2008-02-19 00:00:00,-3.3778058290481567,0.9993244388341904,-9.409988403320312,0.9350721805087568,0.5483388383098999,2739.8420094251633
33,2008-02-20 00:00:00,24.702126383781433,1.0049404252767562,-9.009994506835938,0.9378320916154882,0.579954069819194,2914.096447825432
34,2008-02-21 00:00:00,-15.342768788337708,0.9969314462423324,-10.139999389648438,0.9300351900773752,0.48826350881067776,2433.826229929924
35,2008-02-22 00:00:00,-11.907004475593567,0.9976185991048813,-9.30999755859375,0.9357621056435097,0.4879271962478823,2433.826229929924
36,2008-02-25 00:00:00,17.758617281913757,1.0035517234563827,-7.5999908447265625,0.947560951985085,0.4569821710794616,2293.026226878166
37,2008-02-26 00:00:00,41.741308093070984,1.0083482616186141,-6.5699920654296875,0.9546678231045852,0.538999536098641,2717.4962261915207
38,2008-02-27 00:00:00,26.209141969680786,1.0052418283939362,-6.709991455078125,0.9537018436888433,0.5158034920311891,2592.536227107048
39,2008-02-28 00:00:00,9.46735692024231,1.0018934713840484,-8.05999755859375,0.94438695945687,0.49652878358073566,2487.344733119011
40,2008-02-29 00:00:00,-61.387972593307495,0.9877224054813385,-11.1099853515625,0.9233424003793588,0.4109433428302376,2029.4897354841232
41,2008-03-03 00:00:00,-28.76028835773468,0.994247942328453,-11.42999267578125,0.9211343872668858,0.40896591575003305,2033.0676010847092
42,2008-03-04 00:00:00,-32.79631245136261,0.9934407375097275,-11.939987182617188,0.9176154848132243,0.3592902005547359,1784.6676090955734
43,2008-03-05 00:00:00,-30.933953046798706,0.9938132093906402,-11.099990844726562,0.9234113613076761,0.32759629000493456,1627.8476017713547
44,2008-03-06 00:00:00,-113.42289423942566,0.9773154211521149,-13.8699951171875,0.9042986557777887,0.23241577838713035,1135.7176216840744
45,2008-03-07 00:00:00,-133.73920512199402,0.9732521589756012,-15.219985961914062,0.8949838768296755,0.23338609859945783,1135.7176216840744
46,2008-03-10 00:00:00,-169.37826919555664,0.9661243461608887,-16.92999267578125,0.8831850304881002,0.2568794844646995,1240.8876198530197
47,2008-03-11 00:00:00,-94.64409446716309,0.9810711811065674,-12.329986572265625,0.9149245346348103,0.25296586909288293,1240.8876198530197
48,2008-03-12 00:00:00,-77.68116879463196,0.9844637662410736,-13.569992065429688,0.9063686417497672,0.2520941171031689,1240.8876198530197
49,2008-03-13 00:00:00,-67.28225719928741,0.9865435485601425,-13.279998779296875,0.9083695615095684,0.25156266475293293,1240.8876198530197
50,2008-03-14 00:00:00,-113.37234318256378,0.9773255313634872,-15.319992065429688,0.8942938464110627,0.25393537363581026,1240.8876198530197
51,2008-03-17 00:00:00,-100.14883422851562,0.9799702331542969,-16.629989624023438,0.8852550164600786,0.253250063700178,1240.8876198530197
52,2008-03-18 00:00:00,17.60548210144043,1.003521096420288,-11.29998779296875,0.9220314057543104,0.20135054734127134,1010.2976101636887
53,2008-03-19 00:00:00,-28.724605560302734,0.9942550788879394,-14.6099853515625,0.8991928097019498,0.1783650831318101,886.7019490003586
54,2008-03-20 00:00:00,32.143829345703125,1.0064287658691407,-12.849990844726562,0.9113365659689716,0.22712028832079242,1142.9019573926926
55,2008-03-24 00:00:00,31.81224888563156,1.0063624497771264,-10.209991455078125,0.9295522530114343,0.2795418204563964,1406.6019562482834
56,2008-03-25 00:00:00,45.161940693855286,1.009032388138771,-10.079986572265625,0.9304492714988589,0.2788021420883935,1406.6019562482834
57,2008-03-26 00:00:00,18.440855503082275,1.0036881711006165,-11.729995727539062,0.9190644012949073,0.280286646141469,1406.6019562482834
58,2008-03-27 00:00:00,-12.6214320063591,0.9974757135987282,-12.149993896484375,0.9161664630476813,0.28203232160380026,1406.6019562482834
59,2008-03-28 00:00:00,-41.89521664381027,0.991620956671238,-13.419998168945312,0.9074035820938264,0.2345120964062116,1162.7355469465256
60,2008-03-31 00:00:00,55.53156900405884,1.0111063138008118,-12.959991455078125,0.9105775746220415,0.13600460343046625,687.5755661725998
61,2008-04-01 00:00:00,147.42702281475067,1.0294854045629502,-8.319992065429688,0.9425930277658807,0.32756570292629206,1686.1205509901047
62,2008-04-02 00:00:00,125.44360208511353,1.0250887204170227,-8.229995727539062,0.9432139919723163,0.4598442275075499,2356.905653834343
63,2008-04-03 00:00:00,117.47216540575027,1.02349443308115,-7.8899993896484375,0.9455599269414239,0.46056052239367096,2356.905653834343
64,2008-04-04 00:00:00,110.88212138414383,1.0221764242768288,-8.039993286132812,0.9445249865973646,0.4611543756747884,2356.905653834343
65,2008-04-07 00:00:00,113.47211962938309,1.0226944239258766,-7.9699859619140625,0.9450080289471656,0.4609207987634766,2356.905653834343
66,2008-04-08 00:00:00,109.26200914382935,1.0218524018287658,-8.1099853515625,0.9440420495314237,0.46130060459148287,2356.905653834343
67,2008-04-09 00:00:00,87.43715792894363,1.0174874315857887,-9.099990844726562,0.9372111274090527,0.46327956113640156,2356.905653834343
68,2008-04-10 00:00:00,75.47954374551773,1.0150959087491036,-8.909988403320312,0.938522122034101,0.46437102810092956,2356.905653834343
69,2008-04-11 00:00:00,47.18272215127945,1.009436544430256,-11.54998779296875,0.9203064349916383,0.4966782044567617,2506.8256520032883
70,2008-04-14 00:00:00,51.73986059427261,1.0103479721188546,-12.0,0.9172014033917406,0.49623015459635966,2506.8256520032883
71,2008-04-15 00:00:00,18.709392607212067,1.0037418785214425,-11.689987182617188,0.9193404555758964,0.5768030011493192,2894.8066395521164
72,2008-04-16 00:00:00,53.12249118089676,1.0106244982361794,-8.079986572265625,0.9442490376002355,0.6238507117883062,3152.3940628767014
73,2008-04-17 00:00:00,51.57688456773758,1.0103153769135476,-7.8799896240234375,0.9456289931536012,0.6240415883814566,3152.3940628767014
74,2008-04-18 00:00:00,75.83681231737137,1.0151673624634743,-6.4499969482421875,0.9554957753798325,0.7045860989259367,3576.3640583753586
75,2008-04-21 00:00:00,70.15940600633621,1.0140318812012672,-6.3799896240234375,0.9559788177296336,0.7053750724560334,3576.3640583753586
76,2008-04-22 00:00:00,49.38938146829605,1.009877876293659,-6.989990234375,0.9517698848573594,0.7082765435957326,3576.3640583753586
77,2008-04-23 00:00:00,49.35759860277176,1.0098715197205543,-7.209991455078125,0.9502519021634991,0.7082810017981275,3576.3640583753586
78,2008-04-24 00:00:00,43.2348912358284,1.0086469782471656,-6.6099853515625,0.9543918741074561,0.7091408858608571,3576.3640583753586
79,2008-04-25 00:00:00,66.7447674870491,1.0133489534974098,-5.329986572265625,0.9632237159896283,0.6105451309990377,3093.4763478040695
80,2008-04-28 00:00:00,59.55006855726242,1.0119100137114525,-5.29998779296875,0.9634307040584401,0.611413328435779,3093.4763478040695
81,2008-04-29 00:00:00,72.77609699964523,1.014555219399929,-5.8499908447265625,0.9596357473237895,0.6554057121234559,3324.726430296898
82,2008-04-30 00:00:00,65.2555103302002,1.01305110206604,-6.6699981689453125,0.9539777926859724,0.7035024807146458,3563.419816970825
83,2008-05-01 00:00:00,98.16538429260254,1.0196330768585204,-3.80999755859375,0.9737114624222952,0.6989612043480752,3563.419816970825
84,2008-05-02 00:00:00,100.61030006408691,1.0201220600128174,-3.4199981689453125,0.9764024126007093,0.6986261657602135,3563.419816970825
85,2008-05-05 00:00:00,92.74321746826172,1.0185486434936524,-4.0999908447265625,0.971710542662494,0.6013196592643971,3062.3666162490845
86,2008-05-06 00:00:00,72.2836332321167,1.0144567266464233,-2.8799896240234375,0.9801284084070425,0.5034770945596074,2553.7786264419556
87,2008-05-07 00:00:00,39.018961906433105,1.0078037923812866,-5.4099884033203125,0.96267171271151,0.5973511809353544,3010.0639276504517
88,2008-05-08 00:00:00,38.68689155578613,1.0077373783111572,-5.769989013671875,0.9601877506019079,0.5058885354634596,2549.0139322280884
89,2008-05-09 00:00:00,37.91416263580322,1.0075828325271607,-6.029998779296875,0.9583937136270585,0.4447113825220315,2240.417772293091
90,2008-05-12 00:00:00,64.21111392974854,1.0128422227859497,-4.4699859619140625,0.9691576196245746,0.44240212777278193,2240.417772293091
91,2008-05-13 00:00:00,84.26899242401123,1.0168537984848023,-4.4499969482421875,0.9692955414812091,0.44065681332586887,2240.417772293091
92,2008-05-14 00:00:00,88.46276950836182,1.0176925539016723,-4.1599884033203125,0.9712965665248704,0.4622005156117415,2351.890115737915
93,2008-05-15 00:00:00,119.29177188873291,1.0238583543777466,-2.399993896484375,0.9834403227918921,0.4594170874675891,2351.890115737915
94,2008-05-16 00:00:00,121.71538543701172,1.0243430770874022,-2.269989013671875,0.9843373412793168,0.4591996897026404,2351.890115737915
95,2008-05-19 00:00:00,116.19821834564209,1.0232396436691285,-1.8799896240234375,0.9870282914577309,0.4596948779866498,2351.890115737915
96,2008-05-20 00:00:00,92.0180892944336,1.0184036178588867,-3.0399932861328125,0.9790244018508061,0.5546187032219446,2824.128469467163
97,2008-05-21 00:00:00,67.3017520904541,1.0134603504180908,-5.4399871826171875,0.9624647246426982,0.5573239186519933,2824.128469467163
98,2008-05-22 00:00:00,-49.8490047454834,0.9900301990509033,-5.4199981689453125,0.9626026464993327,0.5705136009334919,2824.128469467163
99,2008-05-23 00:00:00,76.45314407348633,1.0152906288146972,-7.2899932861328125,0.9496998988853809,0.5563192231497688,2824.128469467163
100,2008-05-27 00:00:00,69.02633762359619,1.0138052675247193,-6.269989013671875,0.9567378090765637,0.5571343057552822,2824.128469467163
101,2008-05-28 00:00:00,76.81513595581055,1.015363027191162,-5.6299896240234375,0.9611537300176498,0.556279555949493,2824.128469467163
102,2008-05-29 00:00:00,110.38673400878906,1.0220773468017579,-4.92999267578125,0.9659836270963595,0.6577037695508408,3361.1206188201904
103,2008-05-30 00:00:00,120.36102867126465,1.0240722057342528,-4.579986572265625,0.9683986282776444,0.7517088358463438,3849.020627975464
104,2008-06-02 00:00:00,116.05764770507812,1.0232115295410156,-6.029998779296875,0.9583937136270585,0.7523411370671377,3849.020627975464
105,2008-06-03 00:00:00,118.37360191345215,1.0236747203826904,-6.839996337890625,0.9528048252014185,0.7520007188487661,3849.020627975464
106,2008-06-04 00:00:00,113.37316513061523,1.022674633026123,-6.9099884033203125,0.9523218881354776,0.7199963132257693,3681.609827041626
107,2008-06-05 00:00:00,128.45556926727295,1.0256911138534546,-4.149993896484375,0.9713655274531876,0.7178788579361008,3681.609827041626
108,2008-06-06 00:00:00,104.73038482666016,1.020946076965332,-8.639999389648438,0.9403850146534076,0.7212153335237589,3681.609827041626
109,2008-06-09 00:00:00,83.07568073272705,1.0166151361465454,-8.30999755859375,0.9426619886941979,0.7470102881493238,3797.1098289489746
110,2008-06-10 00:00:00,92.10817337036133,1.0184216346740722,-8.989990234375,0.9379701187559828,0.7456852249931183,3797.1098289489746
111,2008-06-11 00:00:00,87.87956142425537,1.0175759122848511,-10.989990234375,0.9241703526546062,0.7463049750112493,3797.1098289489746
112,2008-06-12 00:00:00,87.70673942565918,1.0175413478851318,-10.479995727539062,0.9276892551082676,0.7463303259058565,3797.1098289489746
113,2008-06-13 00:00:00,102.04882526397705,1.0204097650527955,-8.779998779296875,0.9394190352376657,0.7442323582139602,3797.1098289489746
114,2008-06-16 00:00:00,94.61980247497559,1.0189239604949951,-8.699996948242188,0.9399710385157839,0.7453176048788434,3797.1098289489746
115,2008-06-17 00:00:00,73.36684226989746,1.0146733684539795,-9.3599853515625,0.9354171957180633,0.748439832363885,3797.1098289489746
116,2008-06-18 00:00:00,70.50039863586426,1.0141000797271729,-10.67999267578125,0.9263092995549019,0.7488629386501036,3797.1098289489746
117,2008-06-19 00:00:00,74.27853775024414,1.0148557075500488,-10.509994506835938,0.9274822670394558,0.7483053602005221,3797.1098289489746
118,2008-06-20 00:00:00,60.84016132354736,1.0121680322647095,-13.349990844726562,0.9078866244436274,0.7502923838550806,3797.1098289489746
119,2008-06-23 00:00:00,50.71703338623047,1.0101434066772461,-13.479995727539062,0.9069896059562027,0.7517961912832046,3797.1098289489746
120,2008-06-24 00:00:00,53.76144599914551,1.010752289199829,-13.739990234375,0.9051956742652134,0.7513433052830363,3797.1098289489746
121,2008-06-25 00:00:00,69.2390947341919,1.0138478189468383,-13.1199951171875,0.9094735680658049,0.7490492671559572,3797.1098289489746
122,2008-06-26 00:00:00,46.211233139038086,1.0092422466278077,-16.699996948242188,0.8847719741102776,0.7524674757990562,3797.1098289489746
123,2008-06-27 00:00:00,10.617745399475098,1.002123549079895,-17.399993896484375,0.8799420770315679,0.7578127132997345,3797.1098289489746
124,2008-06-30 00:00:00,-22.623571395874023,0.9954752857208252,-16.949989318847656,0.8830470559895356,0.84655291793413,4213.612539291382
125,2008-07-01 00:00:00,-24.54868507385254,0.9950902629852295,-16.54998779296875,0.885807019738197,0.8468804682402818,4213.612539291382
126,2008-07-02 00:00:00,-26.248477935791016,0.9947503044128418,-18.74999237060547,0.8706272454415247,0.8471698919013643,4213.612539291382
127,2008-07-03 00:00:00,-31.735363960266113,0.9936529272079467,-18.619995117187486,0.8715242112870195,0.84810549517147,4213.612539291382
128,2008-07-07 00:00:00,-29.216400146484375,0.9941567199707031,-19.909996032714844,0.8626233558345999,0.8476757144317353,4213.612539291382
129,2008-07-08 00:00:00,-22.430562019348145,0.9955138875961304,-17.689994812011733,0.8779411046298365,0.8465200921437673,4213.612539291382
130,2008-07-09 00:00:00,-29.875136375427246,0.9940249727249145,-20.139991760253906,0.8610364122124224,0.8477880646681605,4213.612539291382
131,2008-07-10 00:00:00,-34.06154727935791,0.9931876905441284,-19.62998962402345,0.8645553673080137,0.8485027713106089,4213.612539291382
132,2008-07-11 00:00:00,-45.291497230529785,0.9909417005538941,-21.089996337890625,0.8544814917291105,0.9330891489342644,4623.184740066528
133,2008-07-14 00:00:00,-42.308295249938965,0.9915383409500123,-22.209991455078125,0.8467536564031749,0.9325276792901351,4623.184740066528
134,2008-07-15 00:00:00,-42.308295249938965,0.9915383409500123,-23.939994812011733,0.8348168355630349,0.9325276792901351,4623.184740066528
135,2008-07-16 00:00:00,-42.308295249938965,0.9915383409500123,-20.969993591308594,0.855309496646288,0.9325276792901351,4623.184740066528
136,2008-07-17 00:00:00,-45.291497230529785,0.9909417005538941,-19.72999572753905,0.863865336889401,0.9330891489342644,4623.184740066528
137,2008-07-18 00:00:00,-45.291497230529785,0.9909417005538941,-18.949989318847656,0.869247289888159,0.9330891489342644,4623.184740066528
138,2008-07-21 00:00:00,-39.323341369628906,0.9921353317260743,-18.87998962402345,0.8697302795960299,0.9319665558172011,4623.184740066528
139,2008-07-22 00:00:00,-45.291497230529785,0.9909417005538941,-17.449989318847656,0.8795971144641915,0.9330891489342644,4623.184740066528
140,2008-07-23 00:00:00,-39.323341369628906,0.9921353317260743,-16.759994506835938,0.884357997972654,0.9319665558172011,4623.184740066528
141,2008-07-24 00:00:00,-42.308295249938965,0.9915383409500123,-19.419990539550767,0.8660043364316269,0.9325276792901351,4623.184740066528
142,2008-07-25 00:00:00,-42.308295249938965,0.9915383409500123,-19.449989318847656,0.865797348362815,0.9325276792901351,4623.184740066528
143,2008-07-28 00:00:00,-42.308295249938965,0.9915383409500123,-21.289993286132812,0.8531015361757449,0.9325276792901351,4623.184740066528
144,2008-07-29 00:00:00,-17.602396965026855,0.9964795206069946,-18.649993896484375,0.8713172232182076,0.9328622499979183,4647.89063835144
145,2008-07-30 00:00:00,-20.585598945617676,0.9958828802108765,-16.399993896484375,0.8868419600822561,0.9334211342938755,4647.89063835144
146,2008-07-31 00:00:00,-20.585598945617676,0.9958828802108765,-18.099990844726577,0.875112179952858,0.9334211342938755,4647.89063835144
147,2008-08-01 00:00:00,-20.585598945617676,0.9958828802108765,-18.769989013671875,0.8704892709429601,0.9334211342938755,4647.89063835144
148,2008-08-04 00:00:00,-20.585598945617676,0.9958828802108765,-19.939994812011733,0.862416367765788,0.9334211342938755,4647.89063835144
149,2008-08-05 00:00:00,-20.585598945617676,0.9958828802108765,-16.569992065429688,0.8856689925977024,0.9334211342938755,4647.89063835144
150,2008-08-06 00:00:00,-23.568800926208496,0.9952862398147583,-16.0,0.8896018711889875,0.9663592654581468,4809.020398139954
151,2008-08-07 00:00:00,-51.39880323410034,0.98972023935318,-17.919990539550767,0.8763541610076593,0.8720323654675913,4315.340407371521
152,2008-08-08 00:00:00,-39.2987859249115,0.9921402428150177,-15.55999755859375,0.8926378365767079,0.8699053261114631,4315.340407371521
153,2008-08-11 00:00:00,-45.348780155181885,0.9909302439689637,-14.219985961914062,0.9018837598803638,0.8709675446149122,4315.340407371521
154,2008-08-12 00:00:00,-45.348780155181885,0.9909302439689637,-15.579986572265625,0.8924999147200734,0.8709675446149122,4315.340407371521
155,2008-08-13 00:00:00,-57.44879746437073,0.9885102405071259,-16.3599853515625,0.8871180143632453,0.8730997880523046,4315.340407371521
156,2008-08-14 00:00:00,-57.44879746437073,0.9885102405071259,-15.389999389648438,0.8938108040612617,0.8730997880523046,4315.340407371521
157,2008-08-15 00:00:00,-63.49879169464111,0.9873002416610718,-14.759994506835938,0.8981577640740306,0.8741698270247006,4315.340407371521
158,2008-08-18 00:00:00,-93.74879169464111,0.9812502416610718,-16.539993286132812,0.8858759806665142,0.879559611637183,4315.340407371521
159,2008-08-19 00:00:00,-137.67878437042236,0.9724642431259155,-17.939994812011733,0.8762161338671646,0.8687271381776054,4224.030394554138
160,2008-08-20 00:00:00,-150.71879291534424,0.9698562414169312,-17.349990844726577,0.8802870922408742,0.779206284550445,3778.590392112732
161,2008-08-21 00:00:00,-164.23879718780518,0.967152240562439,-17.12998962402345,0.8818050749347345,0.7813848189847186,3778.590392112732
162,2008-08-22 00:00:00,-133.91882038116455,0.973216235923767,-15.279998779296875,0.8945697954081918,0.7765161025136683,3778.590392112732
163,2008-08-25 00:00:00,-160.798810005188,0.9678402379989623,-17.909996032714844,0.8764231219359765,0.7808293649631837,3778.590392112732
164,2008-08-26 00:00:00,-172.87882709503174,0.9654242345809937,-17.539993286132812,0.878976097615826,0.7827834141231576,3778.590392112732
165,2008-08-27 00:00:00,-174.23879718780518,0.965152240562439,-16.29998779296875,0.8875319905008691,0.783004013938935,3778.590392112732
166,2008-08-28 00:00:00,-147.37037181854248,0.9705259256362915,-14.739990234375,0.8982957912145251,0.6803693746388424,3301.5805854797363
167,2008-08-29 00:00:00,-164.38135433197021,0.967123729133606,-16.139999389648438,0.8886358917732455,0.6827628122489445,3301.5805854797363
168,2008-09-02 00:00:00,-142.1881856918335,0.9715623628616333,-16.939994812011733,0.8831160169178528,0.7141057576985651,3468.991386413574
169,2008-09-03 00:00:00,-148.196044921875,0.970360791015625,-17.049995422363295,0.8823570255709227,0.7149900157822258,3468.991386413574
170,2008-09-04 00:00:00,-179.171724319458,0.9641656551361084,-20.899993896484375,0.8557924863541589,0.7195841021580192,3468.991386413574
171,2008-09-05 00:00:00,-191.1310839653015,0.9617737832069397,-20.509994506835923,0.858483436532573,0.7213736633258114,3468.991386413574
172,2008-09-08 00:00:00,-156.9317798614502,0.96861364402771,-17.939994812011733,0.8762161338671646,0.7162796864988893,3468.991386413574
173,2008-09-09 00:00:00,-197.33378553390503,0.960533242893219,-21.709991455078125,0.850203597928519,0.7223053261466801,3468.991386413574
174,2008-09-10 00:00:00,-189.75329875946045,0.962049340248108,-21.209991455078125,0.8536535394538631,0.7211670423304771,3468.991386413574
175,2008-09-11 00:00:00,-192.4244360923767,0.9615151127815247,-19.419990539550767,0.8660043364316269,0.7215677299919462,3468.991386413574
176,2008-09-12 00:00:00,-205.05240678787231,0.9589895186424255,-18.839996337890625,0.8700062285931591,0.723468050271161,3468.991386413574
177,2008-09-15 00:00:00,-228.51432418823242,0.9542971351623535,-24.839996337890625,0.8286069302890294,0.7270254218720669,3468.991386413574
178,2008-09-16 00:00:00,-203.77067470550537,0.959245865058899,-22.829994201660156,0.8424757099606534,0.6240811678689093,2993.2363986968994
179,2008-09-17 00:00:00,-238.2132921218872,0.9523573415756226,-28.319992065429688,0.8045953667521151,0.6285952274478728,2993.2363986968994
180,2008-09-18 00:00:00,-150.01623678207397,0.9699967526435852,-24.85999298095703,0.8284689557904649,0.6785376107210161,3290.8963947296143
181,2008-09-19 00:00:00,-115.70476627349854,0.9768590467453003,-20.809989929199205,0.8564135032025245,0.722674661145803,3529.7564029693604
182,2008-09-22 00:00:00,-181.41039848327637,0.9637179203033447,-23.619995117187486,0.837024796033578,0.7325289545011919,3529.7564029693604
183,2008-09-23 00:00:00,-211.33654308319092,0.9577326913833618,-26.37998962402345,0.8179811567158678,0.7371068012455403,3529.7564029693604
184,2008-09-24 00:00:00,-221.12187385559082,0.9557756252288818,-25.99999237060547,0.8206030933240347,0.7386161165438972,3529.7564029693604
185,2008-09-25 00:00:00,-211.2387957572937,0.9577522408485413,-24.139991760253906,0.8334368800096693,0.7370917555550894,3529.7564029693604
186,2008-09-26 00:00:00,-202.14410638809204,0.9595711787223816,-24.079994201660156,0.8338508561472929,0.7356945438209274,3529.7564029693604
187,2008-09-29 00:00:00,-259.70197772979736,0.9480596044540405,-33.549995422363295,0.768508955234566,0.7446275289836957,3529.7564029693604
188,2008-09-30 00:00:00,-223.2723250389099,0.955345534992218,-28.939994812011733,0.8003174203095934,0.7389486366308526,3529.7564029693604
189,2008-10-01 00:00:00,-203.11759233474731,0.9593764815330506,-28.869995117187486,0.8008004100174646,0.6433837963223757,3086.2364139556885
190,2008-10-02 00:00:00,-224.1207194328308,0.9551758561134338,-33.079994201660156,0.7717519086910984,0.731944045437256,3495.6764011383057
191,2008-10-03 00:00:00,-250.88810443878174,0.9498223791122437,-34.589996337890625,0.7613330705448187,0.6364129723796772,3022.396417617798
192,2008-10-06 00:00:00,-360.1498203277588,0.9279700359344483,-40.209991455078125,0.7225557614907858,0.8182096475361151,3796.370180130005
193,2008-10-07 00:00:00,-424.88983726501465,0.9150220325469971,-44.899993896484375,0.6901952931376402,0.9125398126979632,4174.970170974731
194,2008-10-08 00:00:00,-440.8198413848877,0.9118360317230224,-47.41999053955077,0.672807611012355,0.9157282725679593,4174.970170974731
195,2008-10-09 00:00:00,-464.1298427581787,0.9071740314483643,-54.22999572753905,0.6258193716406554,1.0,4535.870157241821
196,2008-10-10 00:00:00,-464.1298427581787,0.9071740314483643,-56.42999267578125,0.610639649985913,1.0,4535.870157241821
197,2008-10-13 00:00:00,-464.1298427581787,0.9071740314483643,-43.579994201660156,0.6993031366588714,1.0,4535.870157241821
198,2008-10-14 00:00:00,-464.1298427581787,0.9071740314483643,-45.079994201660156,0.688953312082839,1.0,4535.870157241821
199,2008-10-15 00:00:00,-464.1298427581787,0.9071740314483643,-54.909996032714844,0.62112744906051,1.0,4535.870157241821
200,2008-10-16 00:00:00,-464.1298427581787,0.9071740314483643,-51.159996032714844,0.647002010500591,1.0,4535.870157241821
201,2008-10-17 00:00:00,-464.1298427581787,0.9071740314483643,-51.719993591308594,0.6431380928376232,1.0,4535.870157241821
202,2008-10-20 00:00:00,-464.1298427581787,0.9071740314483643,-46.119995117187486,0.6817774273930917,1.0,4535.870157241821
203,2008-10-21 00:00:00,-464.1298427581787,0.9071740314483643,-49.06999206542969,0.6614227934503332,1.0,4535.870157241821
204,2008-10-22 00:00:00,-464.1298427581787,0.9071740314483643,-54.28999328613281,0.6254053955030315,1.0,4535.870157241821
205,2008-10-23 00:00:00,-464.1298427581787,0.9071740314483643,-53.239990234375014,0.6326502937630262,1.0,4535.870157241821
206,2008-10-24 00:00:00,-464.1298427581787,0.9071740314483643,-57.889991760253906,0.6005658270489397,1.0,4535.870157241821
207,2008-10-27 00:00:00,-464.1298427581787,0.9071740314483643,-60.97999572753906,0.5792451610485093,1.0,4535.870157241821
208,2008-10-28 00:00:00,-464.1298427581787,0.9071740314483643,-51.16999053955077,0.6469330495722739,1.0,4535.870157241821
209,2008-10-29 00:00:00,-464.1298427581787,0.9071740314483643,-51.84999084472658,0.6422411269921284,1.0,4535.870157241821
210,2008-10-30 00:00:00,-464.1298427581787,0.9071740314483643,-48.62998962402345,0.6644587588380535,1.0,4535.870157241821
211,2008-10-31 00:00:00,-464.1298427581787,0.9071740314483643,-48.09999084472658,0.6681156884322095,1.0,4535.870157241821
212,2008-11-03 00:00:00,-464.1298427581787,0.9071740314483643,-47.81999206542969,0.6700476472636935,1.0,4535.870157241821
213,2008-11-04 00:00:00,-464.1298427581787,0.9071740314483643,-44.519989013671875,0.6928172823877369,1.0,4535.870157241821
214,2008-11-05 00:00:00,-499.52985191345215,0.9000940296173096,-48.739990234375014,0.6636997674911235,0.9107559899324941,4098.830144882202
215,2008-11-06 00:00:00,-556.0348763465881,0.8887930247306823,-54.06999206542969,0.6269233781968918,0.9042679281797562,4018.535135269165
216,2008-11-07 00:00:00,-556.2523813247681,0.8887495237350463,-51.06999206542969,0.6476230273489566,0.9043121887437813,4018.535135269165
217,2008-11-10 00:00:00,-590.3998746871948,0.8819200250625611,-52.299995422363295,0.6391361480341607,0.9113150900466516,4018.535135269165
218,2008-11-11 00:00:00,-597.5773730278015,0.8804845253944397,-55.159996032714844,0.6194024782978379,0.9128008543861553,4018.535135269165
219,2008-11-12 00:00:00,-609.1048464775085,0.8781790307044983,-59.10999298095703,0.5921479613043912,1.0,4390.8951535224915
220,2008-11-13 00:00:00,-609.1048464775085,0.8781790307044983,-53.75999450683592,0.6290623250971876,1.0,4390.8951535224915
221,2008-11-14 00:00:00,-609.1048464775085,0.8781790307044983,-58.30998992919922,0.5976678888017138,1.0,4390.8951535224915
222,2008-11-17 00:00:00,-609.1048464775085,0.8781790307044983,-59.459991455078125,0.5897330127650363,1.0,4390.8951535224915
223,2008-11-18 00:00:00,-609.1048464775085,0.8781790307044983,-57.84999084472656,0.6008418286879988,1.0,4390.8951535224915
224,2008-11-19 00:00:00,-609.1048464775085,0.8781790307044983,-63.42999267578125,0.562340468631095,1.0,4390.8951535224915
225,2008-11-20 00:00:00,-609.1048464775085,0.8781790307044983,-69.47999572753906,0.5205961551176589,1.0,4390.8951535224915
226,2008-11-21 00:00:00,-580.2565007209778,0.8839486998558045,-65.40999603271484,0.548678677028283,1.0,4419.743499279022
227,2008-11-24 00:00:00,-580.2565007209778,0.8839486998558045,-59.899993896484375,0.5866970473773159,1.0,4419.743499279022
228,2008-11-25 00:00:00,-580.2565007209778,0.8839486998558045,-59.269989013671875,0.5910440073900847,1.0,4419.743499279022
229,2008-11-26 00:00:00,-535.3164989352226,0.8929367002129555,-55.959991455078125,0.6138826034424453,1.0,4464.683501064777
230,2008-11-28 00:00:00,-535.3164989352226,0.8929367002129555,-54.839996337890625,0.621610438768381,1.0,4464.683501064777
231,2008-12-01 00:00:00,-535.3164989352226,0.8929367002129555,-62.81999206542969,0.5665494015033693,1.0,4464.683501064777
232,2008-12-02 00:00:00,-535.3164989352226,0.8929367002129555,-59.659996032714844,0.5883530045697407,1.0,4464.683501064777
233,2008-12-03 00:00:00,-535.3164989352226,0.8929367002129555,-57.60999298095703,0.6024977858804237,1.0,4464.683501064777
234,2008-12-04 00:00:00,-535.3164989352226,0.8929367002129555,-59.62998962402344,0.5885600452804826,1.0,4464.683501064777
235,2008-12-05 00:00:00,-526.8364879488945,0.8946327024102211,-56.99999237060547,0.6067067187526979,0.9488147468571116,4244.203505337238
236,2008-12-08 00:00:00,-510.8364879488945,0.8978327024102211,-53.92999267578125,0.6278893576126338,1.0,4489.1635120511055
237,2008-12-09 00:00:00,-510.8364879488945,0.8978327024102211,-55.42999267578125,0.6175395330366013,1.0,4489.1635120511055
238,2008-12-10 00:00:00,-510.8364879488945,0.8978327024102211,-54.81999206542969,0.6217484659088756,1.0,4489.1635120511055
239,2008-12-11 00:00:00,-510.8364879488945,0.8978327024102211,-56.989990234375,0.6067757323229452,1.0,4489.1635120511055
240,2008-12-12 00:00:00,-514.9990038275719,0.8970001992344856,-55.93999481201172,0.6140205779410098,0.9012508578177467,4042.1109951138496
241,2008-12-15 00:00:00,-520.2714921832085,0.8959457015633583,-57.17999267578125,0.6054647376978968,0.902311599477662,4042.1109951138496
242,2008-12-16 00:00:00,-512.2240197062492,0.8975551960587501,-53.049995422363295,0.6339612357461445,0.900693575807514,4042.1109951138496
243,2008-12-17 00:00:00,-487.8039900660515,0.9024392019867897,-53.93999481201173,0.6278203440423863,1.0,4512.1960099339485
244,2008-12-18 00:00:00,-487.8039900660515,0.9024392019867897,-55.639991760253906,0.6160905639129883,1.0,4512.1960099339485
245,2008-12-19 00:00:00,-487.8039900660515,0.9024392019867897,-56.739990234375,0.6085007030856172,1.0,4512.1960099339485
246,2008-12-22 00:00:00,-487.8039900660515,0.9024392019867897,-57.8699951171875,0.6007038015475042,1.0,4512.1960099339485
247,2008-12-23 00:00:00,-487.8039900660515,0.9024392019867897,-58.769989013671875,0.5944939489154288,1.0,4512.1960099339485
248,2008-12-24 00:00:00,-487.8039900660515,0.9024392019867897,-58.269989013671875,0.597943890440773,1.0,4512.1960099339485
249,2008-12-26 00:00:00,-487.8039900660515,0.9024392019867897,-57.769989013671875,0.6013938319661172,1.0,4512.1960099339485
250,2008-12-29 00:00:00,-487.8039900660515,0.9024392019867897,-58.019989013671875,0.5996688612034451,1.0,4512.1960099339485
251,2008-12-30 00:00:00,-487.8039900660515,0.9024392019867897,-55.959991455078125,0.6138826034424453,1.0,4512.1960099339485
252,2009-01-02 00:00:00,-487.8039900660515,0.9024392019867897,-51.969993591308594,0.6414131220749512,1.0,4512.1960099339485
253,2009-01-05 00:00:00,-487.8039900660515,0.9024392019867897,-52.079994201660156,0.640654130728021,1.0,4512.1960099339485
254,2009-01-06 00:00:00,-487.8039900660515,0.9024392019867897,-51.459991455078125,0.6449320771705426,1.0,4512.1960099339485
255,2009-01-07 00:00:00,-487.8039900660515,0.9024392019867897,-54.25999450683592,0.6256123835718435,1.0,4512.1960099339485
256,2009-01-08 00:00:00,-487.8039900660515,0.9024392019867897,-53.889991760253906,0.6281653592516928,1.0,4512.1960099339485
257,2009-01-09 00:00:00,-487.8039900660515,0.9024392019867897,-55.839996337890625,0.6147105557176927,1.0,4512.1960099339485
258,2009-01-12 00:00:00,-487.8039900660515,0.9024392019867897,-57.97999572753906,0.5999448102005742,1.0,4512.1960099339485
259,2009-01-13 00:00:00,-487.8039900660515,0.9024392019867897,-57.81999206542969,0.6010488167568107,1.0,4512.1960099339485
260,2009-01-14 00:00:00,-496.2040221095085,0.9007591955780982,-60.55998992919922,0.5821431519376652,0.9030151485274736,4066.99599391222
261,2009-01-15 00:00:00,-484.4439932703972,0.9031112013459206,-60.529991149902344,0.5823501400064771,0.9006633929135445,4066.99599391222
262,2009-01-16 00:00:00,-482.3440253138542,0.9035311949372291,-59.8699951171875,0.5869040354461277,0.9002447323791107,4066.99599391222
263,2009-01-20 00:00:00,-507.96401089429855,0.8984071978211403,-64.35999298095703,0.5559235752882777,0.9053792097337803,4066.99599391222
264,2009-01-21 00:00:00,-487.1740157008171,0.9025651968598366,-60.87998962402344,0.5799351914671221,0.9012082469082402,4066.99599391222
265,2009-01-22 00:00:00,-507.0339838862419,0.8985932032227516,-62.17999267578125,0.5709653224444554,0.806530919084513,3623.716010391712
266,2009-01-23 00:00:00,-505.9539877772331,0.8988092024445534,-61.81999206542969,0.5734492845540575,0.8063370959122452,3623.716010391712
267,2009-01-26 00:00:00,-500.46398228406906,0.8999072035431862,-61.24999237060547,0.5773822157872727,0.8053532622306232,3623.716010391712
268,2009-01-27 00:00:00,-479.4017214179039,0.9041196557164192,-60.399993896484375,0.5832471058519717,0.7688046867231095,3475.457143366337
269,2009-01-28 00:00:00,-439.6817356944084,0.9120636528611183,-57.53999328613281,0.6029807755882947,0.900217495434689,4105.278286278248
270,2009-01-29 00:00:00,-442.5617100596428,0.9114876579880714,-60.37998962402344,0.5833851329924663,0.9007863683727406,4105.278286278248
271,2009-01-30 00:00:00,-444.72171372175217,0.9110556572556495,-62.09999084472656,0.5715173257225736,0.9012134996547798,4105.278286278248
272,2009-02-02 00:00:00,-449.52173203229904,0.9100956535935402,-62.34999084472656,0.5697923549599015,0.9021641340816061,4105.278286278248
273,2009-02-03 00:00:00,-414.72171372175217,0.9170556572556495,-61.18999481201172,0.5777961919248964,1.0,4585.278286278248
274,2009-02-04 00:00:00,-419.31295746564865,0.9161374085068703,-61.59999084472656,0.5749672672479178,0.9355580419510812,4285.498600304127
275,2009-02-05 00:00:00,-419.5822178721428,0.9160835564255715,-60.35999298095703,0.5835231074910309,0.935613038842338,4285.498600304127
276,2009-02-06 00:00:00,-418.1714741587639,0.9163657051682472,-57.949989318847656,0.6001518509113161,0.9353249638510419,4285.498600304127
277,2009-02-09 00:00:00,-417.4289166331291,0.9165142166733742,-57.829994201660156,0.6009798031865634,0.9351734042618535,4285.498600304127
278,2009-02-10 00:00:00,-489.4579464793205,0.9021084107041359,-61.81999206542969,0.5734492845540575,0.8485601543656043,3827.4662612080574
279,2009-02-11 00:00:00,-498.4274098277092,0.9003145180344582,-61.329994201660156,0.5768302125091544,0.935925012036149,4213.134380638599
280,2009-02-12 00:00:00,-490.55081337690353,0.9018898373246192,-61.269989013671875,0.5772442412887081,0.9033951190409467,4073.8143847584724
281,2009-02-13 00:00:00,-502.0717894434929,0.8995856421113014,-62.16999053955078,0.5710343360147027,0.9057090718338608,4073.8143847584724
282,2009-02-17 00:00:00,-515.8214575648308,0.8968357084870339,-65.70999145507812,0.5466087436982345,0.9084862135186426,4073.8143847584724
283,2009-02-18 00:00:00,-512.3340155482292,0.8975331968903542,-65.89999389648438,0.5452977490731862,0.8078864156256662,3625.524386703968
284,2009-02-19 00:00:00,-518.2896277308464,0.8963420744538307,-66.74999237060547,0.5394328590084871,0.8089599919568907,3625.524386703968
285,2009-02-20 00:00:00,-516.9424712061882,0.8966115057587624,-67.50999450683594,0.5341889331502236,0.781231344498716,3502.305060684681
286,2009-02-23 00:00:00,-586.5292689204216,0.8826941462159157,-70.27999114990234,0.5150762802622663,0.6944614000300575,3064.9850628972054
287,2009-02-24 00:00:00,-489.51890248060226,0.9020962195038795,-67.44998931884766,0.5346029619297773,0.6842341174711702,3086.2250531315804
288,2009-02-25 00:00:00,-506.462276160717,0.8987075447678566,-68.05998992919922,0.5303940290575031,0.6868140967768946,3086.2250531315804
289,2009-02-26 00:00:00,-539.0080105662346,0.892198397886753,-69.30998992919922,0.5217691752441428,0.6918248363685844,3086.2250531315804
290,2009-02-27 00:00:00,-597.6140543818474,0.8804771891236305,-70.99999237060547,0.5101083560430619,0.7018204160591398,3089.6843360066414
291,2009-03-02 00:00:00,-724.1286179423332,0.8551742764115333,-74.32999420166016,0.4871317328502068,0.9150776497081786,3912.7543347477913
292,2009-03-03 00:00:00,-736.1201121211052,0.8527759775757789,-74.85999298095703,0.48347480325605074,0.8720948102919385,3718.5075219273567
293,2009-03-04 00:00:00,-722.1908766627312,0.8555618246674538,-73.19998931884766,0.49492863438831974,0.8692551291363881,3718.5075219273567
294,2009-03-05 00:00:00,-765.7445217967033,0.8468510956406593,-76.12998962402344,0.47471197494412587,0.8609246085197866,3645.374739944935
295,2009-03-06 00:00:00,-751.7175032496452,0.8496564993500709,-76.00999450683594,0.4755399272193732,0.7875852706843363,3345.884720146656
296,2009-03-09 00:00:00,-775.8577525019646,0.8448284494996071,-76.81999206542969,0.46995103879373334,0.7613308283533606,3215.9697163701057
297,2009-03-10 00:00:00,-743.5570971369743,0.8512885805726051,-72.75999450683594,0.49796454713411015,0.7555533551752655,3215.9697163701057
298,2009-03-11 00:00:00,-749.7768599390984,0.8500446280121803,-72.28999328613281,0.5012075005906425,0.7101014745953883,3018.089719116688
299,2009-03-12 00:00:00,-726.9094378352165,0.8546181124329567,-69.42999267578125,0.5209411703269653,0.7382840772967407,3154.754722893238
300,2009-03-13 00:00:00,-740.2297360301018,0.8519540527939796,-68.83999633789062,0.525012076058745,0.7460436930725491,3177.9747393727303
301,2009-03-16 00:00:00,-773.88291233778,0.845223417532444,-69.06999206542969,0.5234251324365675,0.8363953655859709,3534.704746544361
302,2009-03-17 00:00:00,-763.5081221461296,0.847298375570774,-66.74999237060547,0.5394328590084871,0.8343471080452013,3534.704746544361
303,2009-03-18 00:00:00,-735.5895020365715,0.8528820995926857,-64.99999237060547,0.5515076543471916,0.8775704158366973,3742.3204939961433
304,2009-03-19 00:00:00,-760.4194876551628,0.8479161024689674,-65.989990234375,0.5446767848667506,0.7903306704345452,3350.670508682728
305,2009-03-20 00:00:00,-785.4544793963432,0.8429091041207314,-68.2199935913086,0.5292900225012666,0.8337721088336862,3513.970506489277
306,2009-03-23 00:00:00,-735.1844903826714,0.8529631019234657,-62.709991455078125,0.5673083928502994,0.9528819024690764,4063.8655164837837
307,2009-03-24 00:00:00,-739.3344804644585,0.8521331039071083,-64.32999420166016,0.5561305633570895,0.9538100322239773,4063.8655164837837
308,2009-03-25 00:00:00,-737.1844789385796,0.8525631042122841,-63.47999572753906,0.5619954534217886,0.9533289668308004,4063.8655164837837
309,2009-03-26 00:00:00,-731.8344804644585,0.8536331039071083,-61.81999206542969,0.5734492845540575,0.9521340018055369,4063.8655164837837
310,2009-03-27 00:00:00,-742.4733683466911,0.8515053263306618,-63.31999206542969,0.5630994599780251,0.8550891762384667,3640.5649402737617
311,2009-03-30 00:00:00,-777.9885806441307,0.8444022838711739,-66.1399917602539,0.5436417918807614,0.7643666988496304,3227.1649311184883
312,2009-03-31 00:00:00,-779.9928647875786,0.8440014270424843,-65.40999603271484,0.548678677028283,0.6664076215001932,2812.244917690754
313,2009-04-01 00:00:00,-743.4339634776115,0.8513132073044777,-63.8699951171875,0.5593045032433746,0.660683962978842,2812.244917690754
314,2009-04-02 00:00:00,-688.9108628630638,0.8622178274273873,-61.49999237060547,0.5756572450246006,0.7599019207911657,3276.004916012287
315,2009-04-03 00:00:00,-686.803087413311,0.8626393825173378,-60.66999053955078,0.581384160590735,0.7595305715007613,3276.004916012287
316,2009-04-06 00:00:00,-699.7564978003502,0.86004870043993,-61.329994201660156,0.5768302125091544,0.7618184677999172,3276.004916012287
317,2009-04-07 00:00:00,-709.8591522574425,0.8580281695485115,-63.279991149902344,0.5633754616170843,0.7636124389100415,3276.004916012287
318,2009-04-08 00:00:00,-692.3273360133171,0.8615345327973366,-62.399993896484375,0.5694473397505951,0.7605046092291508,3276.004916012287
319,2009-04-09 00:00:00,-678.9010183215141,0.8642197963356971,-59.1199951171875,0.5920789477341439,0.75814160469422,3276.004916012287
320,2009-04-13 00:00:00,-689.188455760479,0.8621623088479042,-59.09999084472656,0.5922169748746385,0.7599508543559432,3276.004916012287
321,2009-04-14 00:00:00,-705.4264709353447,0.8589147058129311,-60.579994201660156,0.5820051247971706,0.7628242697071229,3276.004916012287
322,2009-04-15 00:00:00,-693.5179073214531,0.8612964185357094,-59.67999267578125,0.5882150300711761,0.7607148585574813,3276.004916012287
323,2009-04-16 00:00:00,-688.1618720889091,0.8623676255822181,-58.42999267578125,0.5968398838845365,0.7597699215112645,3276.004916012287
324,2009-04-17 00:00:00,-687.7440740466118,0.8624511851906776,-57.84999084472656,0.6008418286879988,0.759696310299116,3276.004916012287
325,2009-04-20 00:00:00,-762.6331602931023,0.8474733679413795,-61.49999237060547,0.5756572450246006,0.6722167999272055,2848.429177105427
326,2009-04-21 00:00:00,-716.1201125979424,0.8567759774804116,-59.8699951171875,0.5869040354461277,0.6649180770642115,2848.429177105427
327,2009-04-22 00:00:00,-747.0827414393425,0.8505834517121315,-60.389991760253906,0.5833161194222191,0.6697588981708615,2848.429177105427
328,2009-04-23 00:00:00,-691.4145972132683,0.8617170805573463,-59.55998992919922,0.5890430349883535,0.6611054234327358,2848.429177105427
329,2009-04-24 00:00:00,-661.2491223216057,0.8677501755356789,-58.269989013671875,0.597943890440773,0.7099714056440755,3080.3890593647957
330,2009-04-27 00:00:00,-687.5203043818474,0.8624959391236305,-59.089996337890625,0.5922859358029557,0.6160266475828631,2656.602409660816
331,2009-04-28 00:00:00,-695.1189276576042,0.8609762144684792,-59.35999298095703,0.5904229905417192,0.617114007336628,2656.602409660816
332,2009-04-29 00:00:00,-645.105059325695,0.870978988134861,-57.53999328613281,0.6029807755882947,0.7657519697693975,3334.7693789601326
333,2009-04-30 00:00:00,-648.9795109629631,0.8702040978074074,-57.50999450683594,0.6031877636571065,0.7664338486482697,3334.7693789601326
334,2009-05-01 00:00:00,-639.4083926081657,0.8721183214783669,-57.03999328613281,0.6064307171136387,0.8133459180833607,3546.6693843007088
335,2009-05-04 00:00:00,-634.8772646784782,0.8730245470643043,-54.049995422363295,0.6270613526954563,0.8125016406988775,3546.6693843007088
336,2009-05-05 00:00:00,-644.8395029902458,0.8710320994019508,-54.35999298095703,0.6249224057951606,0.8143602025082304,3546.6693843007088
337,2009-05-06 00:00:00,-626.2972628474236,0.8747405474305153,-52.78999328613281,0.6357552200790639,0.8109077359495416,3546.6693843007088
338,2009-05-07 00:00:00,-623.597249686718,0.8752805500626564,-54.06999206542969,0.6269233781968918,0.8104074479998037,3546.6693843007088
339,2009-05-08 00:00:00,-604.815077483654,0.8790369845032692,-51.949989318847656,0.6415511492154458,0.8069442917250812,3546.6693843007088
340,2009-05-11 00:00:00,-636.4950444102287,0.8727009911179543,-53.68999481201173,0.6295453148050584,0.8128028775943812,3546.6693843007088
341,2009-05-12 00:00:00,-634.7683855891228,0.8730463228821754,-53.959991455078125,0.6276823695438218,0.8124813750070304,3546.6693843007088
342,2009-05-13 00:00:00,-656.7750613093376,0.8686449877381325,-56.24999237060547,0.6118816310407141,0.816598134880371,3546.6693843007088
343,2009-05-14 00:00:00,-658.0172745585442,0.8683965450882911,-55.489990234375,0.6171255568989776,0.8168317583391844,3546.6693843007088
344,2009-05-15 00:00:00,-671.5128542780876,0.8656974291443825,-56.219993591308594,0.6120886191095259,0.8193785183828215,3546.6693843007088
345,2009-05-18 00:00:00,-668.0350605845451,0.8663929878830909,-53.699989318847656,0.6294763538767413,0.8187207038613031,3546.6693843007088
346,2009-05-19 00:00:00,-665.4461733698845,0.8669107653260231,-53.809989929199205,0.6287173625298113,0.8182317087657567,3546.6693843007088
347,2009-05-20 00:00:00,-662.9017350077629,0.8674196529984474,-54.41999053955077,0.624508429657537,0.8177516781043136,3546.6693843007088
348,2009-05-21 00:00:00,-680.875042617321,0.8638249914765358,-55.719993591308594,0.6155385606348701,0.8211546133293476,3546.6693843007088
349,2009-05-22 00:00:00,-677.1883723139763,0.8645623255372047,-55.909996032714844,0.6142275660098218,0.8204542991384569,3546.6693843007088
350,2009-05-26 00:00:00,-649.8905970454216,0.8700218805909157,-53.62998962402345,0.6299593435846121,0.8153057902157183,3546.6693843007088
351,2009-05-27 00:00:00,-668.5461832880974,0.8662907633423805,-55.25999450683594,0.6187125005211551,0.8188173150125054,3546.6693843007088
352,2009-05-28 00:00:00,-658.3995043635368,0.8683200991272927,-54.00999450683592,0.6273373543345155,0.81690367132243,3546.6693843007088
353,2009-05-29 00:00:00,-647.9550520777702,0.8704089895844459,-52.399993896484375,0.638446170257478,0.8149431880279576,3546.6693843007088
354,2009-06-01 00:00:00,-609.5150687098503,0.8780969862580299,-50.159996032714844,0.6539018935512794,0.8078081213818255,3546.6693843007088
355,2009-06-02 00:00:00,-608.0306193232536,0.8783938761353492,-50.079994201660156,0.6544538968293976,0.8075350889067929,3546.6693843007088
356,2009-06-03 00:00:00,-614.8283841013908,0.8770343231797219,-51.279991149902344,0.6461740582253437,0.8087869061822168,3546.6693843007088
357,2009-06-04 00:00:00,-596.4972798228264,0.8807005440354347,-50.399993896484375,0.6522459363588545,0.8054200507358854,3546.6693843007088
358,2009-06-05 00:00:00,-591.4128224253654,0.8817174355149269,-50.37998962402345,0.652383963499349,0.9055887975638323,3992.3671610951424
359,2009-06-08 00:00:00,-590.1528279185295,0.881969434416294,-50.769989013671875,0.6496930133209351,0.9053300500685434,3992.3671610951424
360,2009-06-09 00:00:00,-586.4928242564201,0.882701435148716,-50.28999328613281,0.6530049277057847,0.9045792840299428,3992.3671610951424
361,2009-06-10 00:00:00,-586.3128315806389,0.8827374336838723,-50.529991149902344,0.6513489705133599,0.9045423947716932,3992.3671610951424
362,2009-06-11 00:00:00,-576.2328297495842,0.8847534340500831,-50.10999298095703,0.6542469087605858,0.9024813032529347,3992.3671610951424
363,2009-06-12 00:00:00,-571.6128498911858,0.8856774300217628,-49.84999084472658,0.656040893093505,1.0,4428.387150108814
364,2009-06-15 00:00:00,-574.2691380381584,0.8851461723923684,-52.029991149902344,0.6409991459373274,0.9707620555893133,4296.33158904314
365,2009-06-16 00:00:00,-576.6814839243889,0.8846637032151222,-53.28999328613281,0.6323052785537199,0.9712914802379788,4296.33158904314
366,2009-06-17 00:00:00,-575.9767567515373,0.8848046486496925,-53.37998962402345,0.6316843143472842,0.9711367578368415,4296.33158904314
367,2009-06-18 00:00:00,-575.2720295786858,0.8849455940842629,-52.709991455078125,0.6363072233571823,0.9709820847210302,4296.33158904314
368,2009-06-19 00:00:00,-575.9767567515373,0.8848046486496925,-52.889991760253906,0.6350652423023811,0.9711367578368415,4296.33158904314
369,2009-06-22 00:00:00,-577.2506901621819,0.8845498619675636,-55.649993896484375,0.6160215503427411,0.9714164851004604,4296.33158904314
370,2009-06-23 00:00:00,-580.9911801218987,0.8838017639756203,-55.579994201660156,0.6165045400506121,0.9722387449685278,4296.33158904314
371,2009-06-24 00:00:00,-581.994071662426,0.8836011856675148,-54.809989929199205,0.6218174794791229,0.9724594440867539,4296.33158904314
372,2009-06-25 00:00:00,-577.9554173350334,0.8844089165329934,-52.84999084472658,0.6353412439414402,0.9715712966543488,4296.33158904314
373,2009-06-26 00:00:00,-579.0938298106194,0.8841812340378761,-53.089996337890625,0.6336852341070854,0.9718214826665494,4296.33158904314
374,2009-06-29 00:00:00,-577.2506901621819,0.8845498619675636,-52.22999572753905,0.6396191377420319,0.9714164851004604,4296.33158904314
375,2009-06-30 00:00:00,-579.8527676463127,0.8840294464707374,-52.97999572753905,0.6344442254540157,0.9719883440976205,4296.33158904314
376,2009-07-01 00:00:00,-578.7414662241936,0.8842517067551613,-52.59999084472658,0.6370662147041123,0.9717440308504246,4296.33158904314
377,2009-07-02 00:00:00,-583.2137944102287,0.8833572411179542,-55.1199951171875,0.6196784799368971,0.9727279947591335,4296.33158904314
378,2009-07-06 00:00:00,-582.1838032603264,0.8835632393479347,-55.12998962402344,0.6196095190085797,0.9725012082245096,4296.33158904314
379,2009-07-07 00:00:00,-586.4934994578362,0.8827013001084327,-56.8699951171875,0.6076036845981926,0.973450835184081,4296.33158904314
380,2009-07-08 00:00:00,-585.4635083079338,0.8829072983384132,-56.92999267578125,0.6071897084605689,0.9732237115105105,4296.33158904314
381,2009-07-09 00:00:00,-586.1411358714104,0.882771772825718,-56.75999450683594,0.6083626759451227,0.973373123449734,4296.33158904314
382,2009-07-10 00:00:00,-586.3850781321526,0.8827229843735694,-56.969993591308594,0.6069137068215097,0.9734269221712998,4296.33158904314
383,2009-07-13 00:00:00,-583.7016789317131,0.8832596642136574,-54.829994201660156,0.6216794523386283,0.9728354555549755,4296.33158904314
384,2009-07-14 00:00:00,-581.0996014475822,0.8837800797104836,-54.31999206542969,0.6251984074342197,0.9722625996391705,4296.33158904314
385,2009-07-15 00:00:00,-578.931197822094,0.8842137604355812,-51.66999053955077,0.6434831080469298,0.9717857335598764,4296.33158904314
386,2009-07-16 00:00:00,-576.0038563609123,0.8847992287278176,-51.81999206542969,0.6424481150609404,0.9711427066274672,4296.33158904314
387,2009-07-17 00:00:00,-576.4375416636467,0.8847124916672706,-50.799995422363295,0.6494859726101931,0.9712379172914261,4296.33158904314
388,2009-07-20 00:00:00,-574.675712287426,0.8850648575425148,-49.799995422363295,0.6563858556608815,0.9708512438223801,4296.33158904314
389,2009-07-21 00:00:00,-575.9767567515373,0.8848046486496925,-49.35999298095703,0.659421821048602,0.9711367578368415,4296.33158904314
390,2009-07-22 00:00:00,-575.9225460886955,0.8848154907822608,-49.37998962402345,0.6592838465500374,0.9711248579621443,4296.33158904314
391,2009-07-23 00:00:00,-578.2806813120842,0.8843438637375831,-47.269989013671875,0.6738426039983441,0.9716427659451748,4296.33158904314
392,2009-07-24 00:00:00,-584.7045704722404,0.8830590859055519,-46.869995117187486,0.6766025151050755,0.9730564256948616,4296.33158904314
393,2009-07-27 00:00:00,-586.00560349226,0.882798879301548,-46.579994201660156,0.6786034875068065,0.9733432358777592,4296.33158904314
394,2009-07-28 00:00:00,-584.840091407299,0.8830319817185401,-47.03999328613281,0.6754295476205215,0.9730862931332794,4296.33158904314
395,2009-07-29 00:00:00,-581.8043286204338,0.8836391342759132,-47.279991149902344,0.6737735904280968,0.972417681017198,4296.33158904314
396,2009-07-30 00:00:00,-578.3349072337151,0.884333018553257,-46.25999450683592,0.6808114479773497,0.9257202206122517,4093.2247851490974
397,2009-07-31 00:00:00,-584.5509716868401,0.883089805662632,-46.119995117187486,0.6817774273930917,0.9270234485557719,4093.2247851490974
398,2009-08-03 00:00:00,-573.6366955637932,0.8852726608872413,-44.489990234375014,0.6930242704565486,0.9247376466018435,4093.2247851490974
399,2009-08-04 00:00:00,-564.0639187693596,0.8871872162461281,-44.22999572753905,0.6948182021475382,0.8262054986093041,3664.994781792164
400,2009-08-05 00:00:00,-566.2199169993401,0.886756016600132,-44.519989013671875,0.6928172823877369,0.826607254573573,3664.994781792164
401,2009-08-06 00:00:00,-572.9315220713615,0.8854136955857277,-45.03999328613281,0.6892293137218981,0.7805672752237207,3455.624779045582
402,2009-08-07 00:00:00,-553.7147366404533,0.8892570526719094,-43.72999572753905,0.6982681436728823,0.8261250393234227,3673.1875880360603
403,2009-08-10 00:00:00,-558.1596981883049,0.8883680603623391,-43.93999481201173,0.6968191745492691,0.8269517448742756,3673.1875880360603
404,2009-08-11 00:00:00,-571.451778113842,0.8857096443772317,-45.199989318847656,0.6881253598075916,0.8294338017779599,3673.1875880360603
405,2009-08-12 00:00:00,-557.8370777964592,0.8884325844407082,-44.12998962402345,0.6955082325661508,0.8268916859568876,3673.1875880360603
406,2009-08-13 00:00:00,-555.4881588816643,0.8889023682236672,-43.35999298095703,0.7008211193527317,0.8264546747414687,3673.1875880360603
407,2009-08-14 00:00:00,-569.4660488963127,0.8861067902207375,-44.139991760253906,0.6954392189959037,0.8290620563061107,3673.1875880360603
408,2009-08-17 00:00:00,-590.6594197154045,0.8818681160569191,-46.619995117187486,0.6783274858677476,0.8330469196368993,3673.1875880360603
409,2009-08-18 00:00:00,-580.692874610424,0.8838614250779152,-45.839996337890625,0.6837093862245756,0.8311682089106349,3673.1875880360603
410,2009-08-19 00:00:00,-573.0136715769768,0.8853972656846046,-44.969993591308594,0.6897123034297692,0.829726435894488,3673.1875880360603
411,2009-08-20 00:00:00,-565.6315571665764,0.8868736885666847,-43.93999481201173,0.6968191745492691,0.8283451488954326,3673.1875880360603
412,2009-08-21 00:00:00,-547.5958439707756,0.8904808312058449,-41.959991455078125,0.7104809661520812,0.8249897042841478,3673.1875880360603
413,2009-08-24 00:00:00,-551.2000309824944,0.8897599938035011,-41.969993591308594,0.710411952581834,0.8256580681570326,3673.1875880360603
414,2009-08-25 00:00:00,-552.2921330332756,0.8895415733933448,-41.769989013671875,0.7117919607771297,0.825860802440949,3673.1875880360603
415,2009-08-26 00:00:00,-554.7489773631096,0.889050204527378,-41.75999450683592,0.711860921705447,0.8263172471770002,3673.1875880360603
416,2009-08-27 00:00:00,-550.663432776928,0.8898673134446144,-41.529991149902344,0.7134479179695544,0.8255584922694613,3673.1875880360603
417,2009-08-28 00:00:00,-556.3907582163811,0.8887218483567237,-41.549995422363295,0.7133098908290597,0.7285248162064069,3237.2796061635017
418,2009-08-31 00:00:00,-577.8839947581291,0.8844232010483741,-42.469993591308594,0.7069620110564898,0.732065735572316,3237.2796061635017
419,2009-09-01 00:00:00,-615.1483456492424,0.8769703308701515,-44.72999572753905,0.691368260622194,0.7382871443213804,3237.2796061635017
420,2009-09-02 00:00:00,-655.4799954295158,0.8689040009140968,-45.10999298095703,0.6887463240140271,0.745140913785147,3237.2796061635017
421,2009-09-03 00:00:00,-635.5194165110588,0.8728961166977882,-44.279991149902344,0.6944732395801616,0.7417330755027987,3237.2796061635017
422,2009-09-04 00:00:00,-618.8017689585686,0.8762396462082863,-42.869995117187486,0.7042020473078286,0.7389027922149017,3237.2796061635017
423,2009-09-08 00:00:00,-592.6770245432854,0.8814645950913429,-41.989990234375014,0.7102739780832693,0.7345228893346611,3237.2796061635017
424,2009-09-09 00:00:00,-584.8205220103264,0.8830358955979347,-41.199989318847656,0.7157248920103447,0.733215857317199,3237.2796061635017
425,2009-09-10 00:00:00,-573.5950276255608,0.8852809944748878,-40.139991760253906,0.7230387511986568,0.7612267337143837,3369.497799217701
426,2009-09-11 00:00:00,-566.6124569773674,0.8866775086045265,-40.159996032714844,0.7229007240581622,0.7600278041383263,3369.497799217701
427,2009-09-14 00:00:00,-551.4458195567131,0.8897108360886574,-39.649993896484375,0.7264196791537536,0.8630746130002435,3839.434177696705
428,2009-09-15 00:00:00,-549.6758305430412,0.8900648338913918,-39.209991455078125,0.729455644541474,0.862731349785066,3839.434177696705
429,2009-09-16 00:00:00,-542.0458180308342,0.8915908363938332,-37.60999298095703,0.7404954468941893,0.861254741743611,3839.434177696705
430,2009-09-17 00:00:00,-549.2058102488518,0.8901588379502297,-37.769989013671875,0.7393914929798828,0.8626402421702124,3839.434177696705
431,2009-09-18 00:00:00,-539.055839240551,0.8921888321518898,-38.209991455078125,0.7363555275921624,0.8606774797743858,3839.434177696705
432,2009-09-21 00:00:00,-550.1758114695549,0.889964837706089,-38.47999572753905,0.7344925296889958,0.8628282860237403,3839.434177696705
433,2009-09-22 00:00:00,-549.9758221507072,0.8900048355698585,-37.85999298095703,0.7387704761315173,0.8627895095060613,3839.434177696705
434,2009-09-23 00:00:00,-558.0457989573479,0.8883908402085304,-38.74999237060547,0.732629584427759,0.8643569933241277,3839.434177696705
435,2009-09-24 00:00:00,-563.4358250498772,0.8873128349900246,-39.91999053955077,0.7245567338925171,0.8654071092614971,3839.434177696705
436,2009-09-25 00:00:00,-566.6657978892326,0.8866668404221535,-40.47999572753905,0.7206927635876192,0.8660376147299477,3839.434177696705
437,2009-09-28 00:00:00,-556.1758381724358,0.8887648323655128,-38.60999298095703,0.733595563843501,0.863993271983494,3839.434177696705
438,2009-09-29 00:00:00,-559.7558247447014,0.8880488350510597,-38.92999267578125,0.7313876033729579,0.864689874285112,3839.434177696705
439,2009-09-30 00:00:00,-568.3458096385002,0.8863308380723,-39.339996337890625,0.7285586260540494,0.8663659240486709,3839.434177696705
440,2009-10-01 00:00:00,-586.4058262705803,0.882718834745884,-41.959991455078125,0.7104809661520812,0.8699110127863073,3839.434177696705
441,2009-10-02 00:00:00,-594.4658123850822,0.8811068375229836,-42.43999481201173,0.7071689991253016,0.9535992709479767,4201.114189445972
442,2009-10-05 00:00:00,-590.7158123850822,0.8818568375229836,-40.909996032714844,0.7177258117701459,0.952788255573622,4201.114189445972
443,2009-10-06 00:00:00,-587.2058178782463,0.8825588364243507,-39.41999053955077,0.7280066754178612,0.9520303952689673,4201.114189445972
444,2009-10-07 00:00:00,-587.3558041453362,0.8825288391709327,-39.12998962402345,0.7300076478195923,0.9520627548880085,4201.114189445972
445,2009-10-08 00:00:00,-584.535819709301,0.8830928360581398,-38.31999206542969,0.7355965362452322,0.9514547096086703,4201.114189445972
446,2009-10-09 00:00:00,-580.6058041453362,0.8838788391709328,-37.66999053955077,0.7400814707565657,0.950608613593819,4201.114189445972
447,2009-10-12 00:00:00,-577.8758160471916,0.8844248367905617,-37.24999237060547,0.7429794090037914,1.0,4422.124183952808
448,2009-10-13 00:00:00,-577.8758160471916,0.8844248367905617,-37.469993591308594,0.7414614263099313,1.0,4422.124183952808
449,2009-10-14 00:00:00,-577.8758160471916,0.8844248367905617,-35.619995117187486,0.7542261994253187,1.0,4422.124183952808
450,2009-10-15 00:00:00,-577.8758160471916,0.8844248367905617,-35.219993591308594,0.7569861631739799,1.0,4422.124183952808
451,2009-10-16 00:00:00,-577.8758160471916,0.8844248367905617,-36.03999328613281,0.7513282611780927,1.0,4422.124183952808
452,2009-10-19 00:00:00,-577.8758160471916,0.8844248367905617,-35.139991760253906,0.7575381664520981,1.0,4422.124183952808
453,2009-10-20 00:00:00,-577.8758160471916,0.8844248367905617,-35.719993591308594,0.7535362216486358,1.0,4422.124183952808
454,2009-10-21 00:00:00,-577.8758160471916,0.8844248367905617,-36.699989318847656,0.746774365738442,1.0,4422.124183952808
455,2009-10-22 00:00:00,-577.8758160471916,0.8844248367905617,-35.59999084472658,0.754364226565813,1.0,4422.124183952808
456,2009-10-23 00:00:00,-577.8758160471916,0.8844248367905617,-36.84999084472658,0.7457393727524527,1.0,4422.124183952808
457,2009-10-26 00:00:00,-577.8758160471916,0.8844248367905617,-38.019989013671875,0.7376665222172107,1.0,4422.124183952808
458,2009-10-27 00:00:00,-577.8758160471916,0.8844248367905617,-38.50999450683592,0.7342855416201839,1.0,4422.124183952808
459,2009-10-28 00:00:00,-577.8758160471916,0.8844248367905617,-40.519989013671875,0.72041681459049,1.0,4422.124183952808
460,2009-10-29 00:00:00,-577.8758160471916,0.8844248367905617,-38.279991149902344,0.7358725378842913,1.0,4422.124183952808
461,2009-10-30 00:00:00,-577.8758160471916,0.8844248367905617,-41.369995117187486,0.714551871883861,1.0,4422.124183952808
462,2009-11-02 00:00:00,-577.8758160471916,0.8844248367905617,-40.60999298095703,0.7197957977421244,1.0,4422.124183952808
463,2009-11-03 00:00:00,-577.8758160471916,0.8844248367905617,-40.279991149902344,0.7220727717829147,1.0,4422.124183952808
464,2009-11-04 00:00:00,-576.0539643168449,0.884789207136631,-40.00999450683592,0.7239357170441515,0.9006357325362065,3984.3638785481453
465,2009-11-05 00:00:00,-570.0679413676262,0.8859864117264747,-38.079994201660156,0.737252493437657,0.8994187327961445,3984.3638785481453
466,2009-11-06 00:00:00,-572.464229285717,0.8855071541428566,-37.799995422363295,0.7391844522691409,0.8079890797743965,3577.400553047657
467,2009-11-09 00:00:00,-529.676164329052,0.8940647671341896,-35.35999298095703,0.756020183758238,0.8046427820043831,3597.013807594776
468,2009-11-10 00:00:00,-532.2828614115715,0.8935434277176857,-35.339996337890625,0.7561581582568025,0.8051122521895487,3597.013807594776
469,2009-11-11 00:00:00,-521.242871940136,0.8957514256119729,-34.779991149902344,0.7600221285617004,0.8031276768858759,3597.013807594776
470,2009-11-12 00:00:00,-529.5995690226555,0.8940800861954689,-35.899993896484375,0.7522942405938347,0.8046289953511785,3597.013807594776
471,2009-11-13 00:00:00,-535.1262261271477,0.8929747547745704,-35.309989929199205,0.7563651989675445,0.714654872586462,3190.843797981739
472,2009-11-16 00:00:00,-514.5561539530754,0.897088769209385,-33.719993591308594,0.7673359877500123,0.7113774929528698,3190.843797981739
473,2009-11-17 00:00:00,-507.1795594096184,0.8985640881180763,-33.589996337890625,0.768232953595507,0.7102095087428966,3190.843797981739
474,2009-11-18 00:00:00,-508.49291771650314,0.8983014164566994,-33.659996032714844,0.767749963887636,0.7104171805868563,3190.843797981739
475,2009-11-19 00:00:00,-538.166227042675,0.892366754591465,-35.10999298095703,0.75774515452091,0.715141791547925,3190.843797981739
476,2009-11-20 00:00:00,-548.6862389445305,0.8902627522110939,-35.49999237060547,0.7550542043424959,0.7168319218246132,3190.843797981739
477,2009-11-23 00:00:00,-525.7729279398918,0.8948454144120216,-34.10999298095703,0.7646450375715983,0.6669416470167501,2984.0483725667
478,2009-11-24 00:00:00,-539.7422959208488,0.8920515408158303,-33.93999481201173,0.765818005056152,0.6690304844577979,2984.0483725667
479,2009-11-25 00:00:00,-533.3164193034172,0.8933367161393165,-33.549995422363295,0.768508955234566,0.6680680013831056,2984.0483725667
480,2009-11-27 00:00:00,-572.118734061718,0.8855762531876564,-35.35999298095703,0.756020183758238,0.67392240065732,2984.0483725667
481,2009-11-30 00:00:00,-574.2347123026848,0.885153057539463,-34.989990234375014,0.7585731594380873,0.6742446059807371,2984.0483725667
482,2009-12-01 00:00:00,-555.4384514689445,0.888912309706211,-33.62998962402345,0.7679570045983778,0.6713931936779994,2984.0483725667
483,2009-12-02 00:00:00,-545.5974404215813,0.8908805119156837,-33.67999267578125,0.7676119893890715,0.6699098998472921,2984.0483725667
484,2009-12-03 00:00:00,-565.7586113810539,0.8868482777237893,-34.549995422363295,0.7616090721838777,0.672955780040673,2984.0483725667
485,2009-12-04 00:00:00,-550.9707867503166,0.8898058426499367,-33.91999053955077,0.7659560321966468,0.5788495092748747,2575.318376839161
486,2009-12-07 00:00:00,-558.2977005839348,0.8883404598832131,-34.089996337890625,0.7647830120701629,0.5798043640110074,2575.318376839161
487,2009-12-08 00:00:00,-575.6021439433098,0.8848795712113381,-35.31999206542969,0.756296185397297,0.5820720605661018,2575.318376839161
488,2009-12-09 00:00:00,-566.3141228556633,0.8867371754288673,-34.909996032714844,0.7591251100742756,0.5808526919137268,2575.318376839161
489,2009-12-10 00:00:00,-546.8867756724358,0.8906226448655129,-34.28999328613281,0.7634030565167972,0.5783186384684937,2575.318376839161
490,2009-12-11 00:00:00,-551.17996519804,0.889764006960392,-33.81999206542969,0.7666460099733295,0.5289366410771397,2353.1439259648323
491,2009-12-14 00:00:00,-543.1295358538628,0.8913740928292274,-33.059989929199205,0.771889935831593,0.4310791442737866,1921.2639058232307
492,2009-12-15 00:00:00,-568.3136388659477,0.8863372722268105,-33.579994201660156,0.7683019671657543,0.48435826298189877,2146.523907959461
493,2009-12-16 00:00:00,-555.4611870646477,0.8889077625870705,-33.409996032714844,0.769474934650308,0.5295766354384146,2353.7239106297493
494,2009-12-17 00:00:00,-593.2906357645988,0.8813418728470802,-34.74999237060547,0.7602291166305122,0.5341227923339888,2353.7239106297493
495,2009-12-18 00:00:00,-577.7811619639397,0.8844437676072121,-34.719993591308594,0.760436104699324,0.5322495328329466,2353.7239106297493
496,2009-12-21 00:00:00,-531.0575568079948,0.893788488638401,-33.59999084472658,0.7681639926671896,0.6226672069799363,2782.6639092564583
497,2009-12-22 00:00:00,-527.7139956355095,0.8944572008728982,-33.199989318847656,0.770923956415851,0.6222016898160951,2782.6639092564583
498,2009-12-23 00:00:00,-548.1645695567131,0.8903670860886573,-32.97999572753905,0.7724418864677813,0.62505992252714,2782.6639092564583
499,2009-12-24 00:00:00,-540.7666427493095,0.8918466714501381,-32.449989318847656,0.7760988687038672,0.6240229398920918,2782.6639092564583
500,2009-12-28 00:00:00,-535.8347699046135,0.8928330460190773,-32.209991455078125,0.7777548258962921,0.6720444411297413,3000.1174271702766
501,2009-12-29 00:00:00,-545.7981049418449,0.890840379011631,-32.369995117187486,0.7766508193400556,0.6735476967262856,3000.1174271702766
502,2009-12-30 00:00:00,-546.4470803141594,0.8907105839371682,-32.409996032714844,0.7763748177009964,0.6736458466472895,3000.1174271702766
